{
  "HTTP Request-3" : {
    "transaction" : "HTTP Request-3",
    "sampleCount" : 2866,
    "errorCount" : 109,
    "errorPct" : 3.80321,
    "meanResTime" : 2100.523377529658,
    "minResTime" : 1.0,
    "maxResTime" : 66892.0,
    "pct1ResTime" : 3655.6000000000004,
    "pct2ResTime" : 8342.850000000004,
    "pct3ResTime" : 31637.66,
    "throughput" : 17.83314251580467,
    "receivedKBytesPerSec" : 26.061625862567826,
    "sentKBytesPerSec" : 2.462667837109239
  },
  "HTTP Request-2" : {
    "transaction" : "HTTP Request-2",
    "sampleCount" : 2866,
    "errorCount" : 99,
    "errorPct" : 3.4542916,
    "meanResTime" : 10289.515352407527,
    "minResTime" : 8.0,
    "maxResTime" : 67085.0,
    "pct1ResTime" : 25490.0,
    "pct2ResTime" : 30365.5,
    "pct3ResTime" : 34869.78,
    "throughput" : 17.808653290499773,
    "receivedKBytesPerSec" : 9347.628633936562,
    "sentKBytesPerSec" : 2.4178345957634546
  },
  "HTTP Request-5" : {
    "transaction" : "HTTP Request-5",
    "sampleCount" : 2866,
    "errorCount" : 113,
    "errorPct" : 3.9427774,
    "meanResTime" : 2093.30216329379,
    "minResTime" : 1.0,
    "maxResTime" : 65580.0,
    "pct1ResTime" : 3889.3,
    "pct2ResTime" : 7773.6500000000015,
    "pct3ResTime" : 31570.0,
    "throughput" : 17.833586380267317,
    "receivedKBytesPerSec" : 154.81978694472272,
    "sentKBytesPerSec" : 2.425698170361774
  },
  "HTTP Request-4" : {
    "transaction" : "HTTP Request-4",
    "sampleCount" : 2866,
    "errorCount" : 116,
    "errorPct" : 4.047453,
    "meanResTime" : 10725.228541521281,
    "minResTime" : 8.0,
    "maxResTime" : 66678.0,
    "pct1ResTime" : 25731.900000000012,
    "pct2ResTime" : 30041.350000000006,
    "pct3ResTime" : 33324.94999999999,
    "throughput" : 17.808210666285568,
    "receivedKBytesPerSec" : 9783.45995225422,
    "sentKBytesPerSec" : 2.3695461966483777
  },
  "HTTP Request-1" : {
    "transaction" : "HTTP Request-1",
    "sampleCount" : 2866,
    "errorCount" : 57,
    "errorPct" : 1.9888346,
    "meanResTime" : 1455.015701325891,
    "minResTime" : 1.0,
    "maxResTime" : 65366.0,
    "pct1ResTime" : 2373.3,
    "pct2ResTime" : 4558.550000000007,
    "pct3ResTime" : 31495.32,
    "throughput" : 17.819172086198535,
    "receivedKBytesPerSec" : 58.62452145170918,
    "sentKBytesPerSec" : 2.11487548806874
  },
  "Total" : {
    "transaction" : "Total",
    "sampleCount" : 23195,
    "errorCount" : 4038,
    "errorPct" : 17.408924,
    "meanResTime" : 5862.771804268172,
    "minResTime" : 0.0,
    "maxResTime" : 70820.0,
    "pct1ResTime" : 24272.9,
    "pct2ResTime" : 31427.0,
    "pct3ResTime" : 36473.750000000204,
    "throughput" : 139.38716520338687,
    "receivedKBytesPerSec" : 37584.16473803686,
    "sentKBytesPerSec" : 26.58648228627702
  },
  "HTTP Request-0" : {
    "transaction" : "HTTP Request-0",
    "sampleCount" : 2866,
    "errorCount" : 0,
    "errorPct" : 0.0,
    "meanResTime" : 1852.4330076762053,
    "minResTime" : 1.0,
    "maxResTime" : 66885.0,
    "pct1ResTime" : 2363.800000000001,
    "pct2ResTime" : 4513.0,
    "pct3ResTime" : 31602.33,
    "throughput" : 17.788204918134536,
    "receivedKBytesPerSec" : 44.20994288735585,
    "sentKBytesPerSec" : 1.9629562067863306
  },
  "HTTP Request" : {
    "transaction" : "HTTP Request",
    "sampleCount" : 5999,
    "errorCount" : 3544,
    "errorPct" : 59.07651,
    "meanResTime" : 9044.854809134848,
    "minResTime" : 0.0,
    "maxResTime" : 70820.0,
    "pct1ResTime" : 30563.0,
    "pct2ResTime" : 33409.0,
    "pct3ResTime" : 41036.0,
    "throughput" : 36.05016615887553,
    "receivedKBytesPerSec" : 18808.00823033849,
    "sentKBytesPerSec" : 13.290849721991863
  }
}