{
  "HTTP Request-3" : {
    "transaction" : "HTTP Request-3",
    "sampleCount" : 2209,
    "errorCount" : 77,
    "errorPct" : 3.4857402,
    "meanResTime" : 812.1706654594843,
    "minResTime" : 1.0,
    "maxResTime" : 8549.0,
    "pct1ResTime" : 2874.0,
    "pct2ResTime" : 3743.0,
    "pct3ResTime" : 4959.1,
    "throughput" : 116.14701088385299,
    "receivedKBytesPerSec" : 198.25348376951996,
    "sentKBytesPerSec" : 16.092254784688997
  },
  "HTTP Request-2" : {
    "transaction" : "HTTP Request-2",
    "sampleCount" : 2209,
    "errorCount" : 79,
    "errorPct" : 3.576279,
    "meanResTime" : 2723.2942507922166,
    "minResTime" : 3.0,
    "maxResTime" : 13051.0,
    "pct1ResTime" : 5519.0,
    "pct2ResTime" : 6469.0,
    "pct3ResTime" : 7905.5,
    "throughput" : 109.74216304833821,
    "receivedKBytesPerSec" : 57529.243750853864,
    "sentKBytesPerSec" : 14.880582741318495
  },
  "HTTP Request-5" : {
    "transaction" : "HTTP Request-5",
    "sampleCount" : 2209,
    "errorCount" : 81,
    "errorPct" : 3.6668177,
    "meanResTime" : 780.0796740606609,
    "minResTime" : 1.0,
    "maxResTime" : 12686.0,
    "pct1ResTime" : 2706.0,
    "pct2ResTime" : 3733.5,
    "pct3ResTime" : 4841.300000000043,
    "throughput" : 116.95256247352818,
    "receivedKBytesPerSec" : 1016.1650357535207,
    "sentKBytesPerSec" : 15.953416190173654
  },
  "HTTP Request-4" : {
    "transaction" : "HTTP Request-4",
    "sampleCount" : 2209,
    "errorCount" : 74,
    "errorPct" : 3.3499322,
    "meanResTime" : 2740.995020371211,
    "minResTime" : 1.0,
    "maxResTime" : 12501.0,
    "pct1ResTime" : 5556.0,
    "pct2ResTime" : 6637.0,
    "pct3ResTime" : 7954.500000000004,
    "throughput" : 106.37068425867965,
    "receivedKBytesPerSec" : 58859.794883784976,
    "sentKBytesPerSec" : 14.256486402706217
  },
  "HTTP Request-1" : {
    "transaction" : "HTTP Request-1",
    "sampleCount" : 2209,
    "errorCount" : 77,
    "errorPct" : 3.4857402,
    "meanResTime" : 772.2612041647797,
    "minResTime" : 0.0,
    "maxResTime" : 8462.0,
    "pct1ResTime" : 2694.0,
    "pct2ResTime" : 3740.5,
    "pct3ResTime" : 4707.5,
    "throughput" : 116.94017998941239,
    "receivedKBytesPerSec" : 382.22092749139756,
    "sentKBytesPerSec" : 13.667118845950238
  },
  "Total" : {
    "transaction" : "Total",
    "sampleCount" : 18254,
    "errorCount" : 873,
    "errorPct" : 4.7825136,
    "meanResTime" : 1964.6823162046637,
    "minResTime" : 0.0,
    "maxResTime" : 18527.0,
    "pct1ResTime" : 5608.5,
    "pct2ResTime" : 7897.25,
    "pct3ResTime" : 13920.050000000007,
    "throughput" : 676.099114782029,
    "receivedKBytesPerSec" : 179014.97357251658,
    "sentKBytesPerSec" : 179.284634963332
  },
  "HTTP Request-0" : {
    "transaction" : "HTTP Request-0",
    "sampleCount" : 2209,
    "errorCount" : 0,
    "errorPct" : 0.0,
    "meanResTime" : 396.81032141240405,
    "minResTime" : 1.0,
    "maxResTime" : 12906.0,
    "pct1ResTime" : 1157.0,
    "pct2ResTime" : 1340.0,
    "pct3ResTime" : 2954.9,
    "throughput" : 120.1261623796835,
    "receivedKBytesPerSec" : 298.55574536747514,
    "sentKBytesPerSec" : 13.256109715726794
  },
  "HTTP Request" : {
    "transaction" : "HTTP Request",
    "sampleCount" : 5000,
    "errorCount" : 485,
    "errorPct" : 9.7,
    "meanResTime" : 3538.587199999997,
    "minResTime" : 3.0,
    "maxResTime" : 18527.0,
    "pct1ResTime" : 10099.7,
    "pct2ResTime" : 12931.9,
    "pct3ResTime" : 14925.929999999998,
    "throughput" : 185.19204414978333,
    "receivedKBytesPerSec" : 89529.37370076207,
    "sentKBytesPerSec" : 116.13707770426683
  }
}