{
  "HTTP Request-3" : {
    "transaction" : "HTTP Request-3",
    "sampleCount" : 2477,
    "errorCount" : 17,
    "errorPct" : 0.6863141,
    "meanResTime" : 1360.13201453371,
    "minResTime" : 1.0,
    "maxResTime" : 9006.0,
    "pct1ResTime" : 3817.0000000000014,
    "pct2ResTime" : 4991.0999999999985,
    "pct3ResTime" : 7788.419999999998,
    "throughput" : 104.8066345096048,
    "receivedKBytesPerSec" : 149.91428529872218,
    "sentKBytesPerSec" : 14.9422243907083
  },
  "HTTP Request-2" : {
    "transaction" : "HTTP Request-2",
    "sampleCount" : 2477,
    "errorCount" : 22,
    "errorPct" : 0.8881712,
    "meanResTime" : 5181.279773920073,
    "minResTime" : 3.0,
    "maxResTime" : 24741.0,
    "pct1ResTime" : 12133.000000000005,
    "pct2ResTime" : 13793.3,
    "pct3ResTime" : 16311.419999999978,
    "throughput" : 75.2956196613673,
    "receivedKBytesPerSec" : 40552.11385987894,
    "sentKBytesPerSec" : 10.494402985074627
  },
  "HTTP Request-5" : {
    "transaction" : "HTTP Request-5",
    "sampleCount" : 2477,
    "errorCount" : 22,
    "errorPct" : 0.8881712,
    "meanResTime" : 1408.4202664513532,
    "minResTime" : 1.0,
    "maxResTime" : 15737.0,
    "pct1ResTime" : 3830.2000000000003,
    "pct2ResTime" : 5192.4,
    "pct3ResTime" : 8373.419999999998,
    "throughput" : 89.71062257795806,
    "receivedKBytesPerSec" : 796.3092438249248,
    "sentKBytesPerSec" : 12.590338486020064
  },
  "HTTP Request-4" : {
    "transaction" : "HTTP Request-4",
    "sampleCount" : 2477,
    "errorCount" : 13,
    "errorPct" : 0.52482843,
    "meanResTime" : 5694.004844570048,
    "minResTime" : 2.0,
    "maxResTime" : 22966.0,
    "pct1ResTime" : 12497.600000000002,
    "pct2ResTime" : 13776.8,
    "pct3ResTime" : 16010.399999999996,
    "throughput" : 80.70506972500978,
    "receivedKBytesPerSec" : 45904.07061617237,
    "sentKBytesPerSec" : 11.132787045484164
  },
  "HTTP Request-1" : {
    "transaction" : "HTTP Request-1",
    "sampleCount" : 2477,
    "errorCount" : 19,
    "errorPct" : 0.76705694,
    "meanResTime" : 1262.4566007266853,
    "minResTime" : 0.0,
    "maxResTime" : 9960.0,
    "pct1ResTime" : 3827.2000000000003,
    "pct2ResTime" : 5325.5,
    "pct3ResTime" : 8110.319999999999,
    "throughput" : 112.92454980624572,
    "receivedKBytesPerSec" : 387.2928449823342,
    "sentKBytesPerSec" : 13.569566332345568
  },
  "Total" : {
    "transaction" : "Total",
    "sampleCount" : 19862,
    "errorCount" : 2690,
    "errorPct" : 13.543449,
    "meanResTime" : 3413.919746249108,
    "minResTime" : 0.0,
    "maxResTime" : 29077.0,
    "pct1ResTime" : 11211.0,
    "pct2ResTime" : 15070.549999999996,
    "pct3ResTime" : 20511.32999999999,
    "throughput" : 513.1636739439349,
    "receivedKBytesPerSec" : 143944.54237683277,
    "sentKBytesPerSec" : 101.21108383929726
  },
  "HTTP Request-0" : {
    "transaction" : "HTTP Request-0",
    "sampleCount" : 2477,
    "errorCount" : 0,
    "errorPct" : 0.0,
    "meanResTime" : 780.7670569236974,
    "minResTime" : 1.0,
    "maxResTime" : 8365.0,
    "pct1ResTime" : 3088.0,
    "pct2ResTime" : 4129.099999999993,
    "pct3ResTime" : 5042.219999999999,
    "throughput" : 144.58323604949803,
    "receivedKBytesPerSec" : 359.3401716269262,
    "sentKBytesPerSec" : 15.954986009368431
  },
  "HTTP Request" : {
    "transaction" : "HTTP Request",
    "sampleCount" : 5000,
    "errorCount" : 2597,
    "errorPct" : 51.94,
    "meanResTime" : 5790.085000000004,
    "minResTime" : 0.0,
    "maxResTime" : 29077.0,
    "pct1ResTime" : 18225.300000000003,
    "pct2ResTime" : 19979.75,
    "pct3ResTime" : 23084.729999999996,
    "throughput" : 129.1822761917065,
    "receivedKBytesPerSec" : 72038.79174706918,
    "sentKBytesPerSec" : 50.60554191964863
  }
}