{
  "HTTP Request-3" : {
    "transaction" : "HTTP Request-3",
    "sampleCount" : 4849,
    "errorCount" : 91,
    "errorPct" : 1.8766756,
    "meanResTime" : 1443.1540523819303,
    "minResTime" : 0.0,
    "maxResTime" : 129635.0,
    "pct1ResTime" : 3495.0,
    "pct2ResTime" : 5085.5,
    "pct3ResTime" : 14485.0,
    "throughput" : 20.84049649291707,
    "receivedKBytesPerSec" : 29.988177261069232,
    "sentKBytesPerSec" : 2.9356055009842184
  },
  "HTTP Request-2" : {
    "transaction" : "HTTP Request-2",
    "sampleCount" : 4849,
    "errorCount" : 107,
    "errorPct" : 2.2066405,
    "meanResTime" : 21184.668591462185,
    "minResTime" : 3.0,
    "maxResTime" : 203226.0,
    "pct1ResTime" : 62995.0,
    "pct2ResTime" : 80648.5,
    "pct3ResTime" : 108678.5,
    "throughput" : 20.839690391566133,
    "receivedKBytesPerSec" : 11079.102129095198,
    "sentKBytesPerSec" : 2.865914062600728
  },
  "HTTP Request-5" : {
    "transaction" : "HTTP Request-5",
    "sampleCount" : 4849,
    "errorCount" : 80,
    "errorPct" : 1.6498247,
    "meanResTime" : 1893.9632914002923,
    "minResTime" : 0.0,
    "maxResTime" : 129569.0,
    "pct1ResTime" : 4263.0,
    "pct2ResTime" : 7471.5,
    "pct3ResTime" : 19338.0,
    "throughput" : 20.840406923020723,
    "receivedKBytesPerSec" : 183.9443963470192,
    "sentKBytesPerSec" : 2.902347292391038
  },
  "HTTP Request-4" : {
    "transaction" : "HTTP Request-4",
    "sampleCount" : 4849,
    "errorCount" : 125,
    "errorPct" : 2.577851,
    "meanResTime" : 22272.336358011948,
    "minResTime" : 4.0,
    "maxResTime" : 205179.0,
    "pct1ResTime" : 68360.0,
    "pct2ResTime" : 83513.5,
    "pct3ResTime" : 109245.5,
    "throughput" : 20.820988449482588,
    "receivedKBytesPerSec" : 11610.351411543541,
    "sentKBytesPerSec" : 2.81285558632831
  },
  "HTTP Request-1" : {
    "transaction" : "HTTP Request-1",
    "sampleCount" : 4849,
    "errorCount" : 96,
    "errorPct" : 1.9797896,
    "meanResTime" : 1239.2621159001837,
    "minResTime" : 0.0,
    "maxResTime" : 93709.0,
    "pct1ResTime" : 3233.0,
    "pct2ResTime" : 4523.0,
    "pct3ResTime" : 12551.0,
    "throughput" : 20.840406923020723,
    "receivedKBytesPerSec" : 68.54102327219961,
    "sentKBytesPerSec" : 2.4736802024729987
  },
  "Total" : {
    "transaction" : "Total",
    "sampleCount" : 38914,
    "errorCount" : 934,
    "errorPct" : 2.4001644,
    "meanResTime" : 10442.435550187602,
    "minResTime" : 0.0,
    "maxResTime" : 214948.0,
    "pct1ResTime" : 58240.10000000003,
    "pct2ResTime" : 83251.75,
    "pct3ResTime" : 111235.52000000008,
    "throughput" : 162.78738998025503,
    "receivedKBytesPerSec" : 44846.70461548256,
    "sentKBytesPerSec" : 43.47098634479268
  },
  "HTTP Request-0" : {
    "transaction" : "HTTP Request-0",
    "sampleCount" : 4849,
    "errorCount" : 0,
    "errorPct" : 0.0,
    "meanResTime" : 1133.382965559906,
    "minResTime" : 1.0,
    "maxResTime" : 35871.0,
    "pct1ResTime" : 3177.0,
    "pct2ResTime" : 4626.5,
    "pct3ResTime" : 9806.5,
    "throughput" : 20.73799727998221,
    "receivedKBytesPerSec" : 51.54121394292453,
    "sentKBytesPerSec" : 2.288470402966787
  },
  "HTTP Request" : {
    "transaction" : "HTTP Request",
    "sampleCount" : 9820,
    "errorCount" : 435,
    "errorPct" : 4.429735,
    "meanResTime" : 17102.57454175143,
    "minResTime" : 2.0,
    "maxResTime" : 214948.0,
    "pct1ResTime" : 66332.69999999995,
    "pct2ResTime" : 84965.54999999994,
    "pct3ResTime" : 113167.90999999997,
    "throughput" : 41.079615809377195,
    "receivedKBytesPerSec" : 22426.07477679038,
    "sentKBytesPerSec" : 27.61260617637462
  }
}