{
  "Total" : {
    "transaction" : "Total",
    "sampleCount" : 2500,
    "errorCount" : 0,
    "errorPct" : 0.0,
    "meanResTime" : 327.4379999999999,
    "minResTime" : 2.0,
    "maxResTime" : 2870.0,
    "pct1ResTime" : 1397.6000000000004,
    "pct2ResTime" : 1929.9499999999998,
    "pct3ResTime" : 2590.0,
    "throughput" : 256.04260548955347,
    "receivedKBytesPerSec" : 61.260193696231056,
    "sentKBytesPerSec" : 146.52438165710774
  },
  "HTTP Request" : {
    "transaction" : "HTTP Request",
    "sampleCount" : 2500,
    "errorCount" : 0,
    "errorPct" : 0.0,
    "meanResTime" : 327.4379999999999,
    "minResTime" : 2.0,
    "maxResTime" : 2870.0,
    "pct1ResTime" : 1397.6000000000004,
    "pct2ResTime" : 1929.9499999999998,
    "pct3ResTime" : 2590.0,
    "throughput" : 256.04260548955347,
    "receivedKBytesPerSec" : 61.260193696231056,
    "sentKBytesPerSec" : 146.52438165710774
  }
}