{
  "HTTP Request-3" : {
    "transaction" : "HTTP Request-3",
    "sampleCount" : 15600,
    "errorCount" : 141,
    "errorPct" : 0.90384614,
    "meanResTime" : 955.754294871794,
    "minResTime" : 0.0,
    "maxResTime" : 90668.0,
    "pct1ResTime" : 2601.499999999998,
    "pct2ResTime" : 4061.0,
    "pct3ResTime" : 9516.849999999997,
    "throughput" : 11.78152520906543,
    "receivedKBytesPerSec" : 16.869071063082515,
    "sentKBytesPerSec" : 1.6760064813965185
  },
  "HTTP Request-2" : {
    "transaction" : "HTTP Request-2",
    "sampleCount" : 15602,
    "errorCount" : 246,
    "errorPct" : 1.576721,
    "meanResTime" : 18379.71138315593,
    "minResTime" : 0.0,
    "maxResTime" : 277792.0,
    "pct1ResTime" : 54015.7,
    "pct2ResTime" : 81234.79999999999,
    "pct3ResTime" : 145736.99999999988,
    "throughput" : 11.782733107727953,
    "receivedKBytesPerSec" : 6304.327360123232,
    "sentKBytesPerSec" : 1.630821415544115
  },
  "HTTP Request-5" : {
    "transaction" : "HTTP Request-5",
    "sampleCount" : 15599,
    "errorCount" : 147,
    "errorPct" : 0.9423681,
    "meanResTime" : 1284.6013205974775,
    "minResTime" : 0.0,
    "maxResTime" : 175562.0,
    "pct1ResTime" : 3237.0,
    "pct2ResTime" : 5472.0,
    "pct3ResTime" : 15519.0,
    "throughput" : 11.780832263424212,
    "receivedKBytesPerSec" : 104.56635713055094,
    "sentKBytesPerSec" : 1.6524638197643684
  },
  "HTTP Request-4" : {
    "transaction" : "HTTP Request-4",
    "sampleCount" : 15599,
    "errorCount" : 238,
    "errorPct" : 1.5257388,
    "meanResTime" : 19613.946855567694,
    "minResTime" : 1.0,
    "maxResTime" : 291769.0,
    "pct1ResTime" : 58027.0,
    "pct2ResTime" : 84071.0,
    "pct3ResTime" : 150682.0,
    "throughput" : 11.780440797979677,
    "receivedKBytesPerSec" : 6641.200977940749,
    "sentKBytesPerSec" : 1.6086911029880435
  },
  "HTTP Request-1" : {
    "transaction" : "HTTP Request-1",
    "sampleCount" : 15602,
    "errorCount" : 128,
    "errorPct" : 0.8204076,
    "meanResTime" : 840.7415715933884,
    "minResTime" : 0.0,
    "maxResTime" : 102191.0,
    "pct1ResTime" : 2008.4000000000015,
    "pct2ResTime" : 3561.8499999999985,
    "pct3ResTime" : 9307.219999999983,
    "throughput" : 11.783062357639581,
    "receivedKBytesPerSec" : 38.91495181600161,
    "sentKBytesPerSec" : 1.4151491782367547
  },
  "Total" : {
    "transaction" : "Total",
    "sampleCount" : 125129,
    "errorCount" : 3129,
    "errorPct" : 2.5006194,
    "meanResTime" : 9101.387895691545,
    "minResTime" : 0.0,
    "maxResTime" : 294748.0,
    "pct1ResTime" : 60502.60000000027,
    "pct2ResTime" : 82780.6,
    "pct3ResTime" : 112886.36000000026,
    "throughput" : 94.09468950685056,
    "receivedKBytesPerSec" : 26163.779411287807,
    "sentKBytesPerSec" : 24.66802514861034
  },
  "HTTP Request-0" : {
    "transaction" : "HTTP Request-0",
    "sampleCount" : 15604,
    "errorCount" : 0,
    "errorPct" : 0.0,
    "meanResTime" : 1069.0526147141877,
    "minResTime" : 1.0,
    "maxResTime" : 102061.0,
    "pct1ResTime" : 2967.0,
    "pct2ResTime" : 4380.0,
    "pct3ResTime" : 10820.95,
    "throughput" : 11.778843976363806,
    "receivedKBytesPerSec" : 29.274568281099498,
    "sentKBytesPerSec" : 1.299813837235459
  },
  "HTTP Request" : {
    "transaction" : "HTTP Request",
    "sampleCount" : 31523,
    "errorCount" : 2229,
    "errorPct" : 7.0710273,
    "meanResTime" : 15270.828982013134,
    "minResTime" : 0.0,
    "maxResTime" : 294748.0,
    "pct1ResTime" : 54826.60000000005,
    "pct2ResTime" : 86240.30000000005,
    "pct3ResTime" : 176445.3100000025,
    "throughput" : 23.704711915898393,
    "receivedKBytesPerSec" : 13084.696226803722,
    "sentKBytesPerSec" : 15.42425839939804
  }
}