{
  "HTTP Request-3" : {
    "transaction" : "HTTP Request-3",
    "sampleCount" : 4985,
    "errorCount" : 22,
    "errorPct" : 0.44132397,
    "meanResTime" : 397.2086258776333,
    "minResTime" : 0.0,
    "maxResTime" : 25441.0,
    "pct1ResTime" : 1106.4000000000005,
    "pct2ResTime" : 1937.0999999999976,
    "pct3ResTime" : 4183.960000000005,
    "throughput" : 71.0397309468164,
    "receivedKBytesPerSec" : 101.49071767407229,
    "sentKBytesPerSec" : 10.153079776299665
  },
  "HTTP Request-2" : {
    "transaction" : "HTTP Request-2",
    "sampleCount" : 4985,
    "errorCount" : 19,
    "errorPct" : 0.38114342,
    "meanResTime" : 4971.544232698096,
    "minResTime" : 3.0,
    "maxResTime" : 41017.0,
    "pct1ResTime" : 14272.0,
    "pct2ResTime" : 17204.8,
    "pct3ResTime" : 22463.980000000003,
    "throughput" : 70.87711316167375,
    "receivedKBytesPerSec" : 38381.65432378382,
    "sentKBytesPerSec" : 9.929105114242248
  },
  "HTTP Request-5" : {
    "transaction" : "HTTP Request-5",
    "sampleCount" : 4985,
    "errorCount" : 18,
    "errorPct" : 0.36108324,
    "meanResTime" : 439.37572718154524,
    "minResTime" : 0.0,
    "maxResTime" : 25220.0,
    "pct1ResTime" : 1261.2000000000016,
    "pct2ResTime" : 2082.7,
    "pct3ResTime" : 5608.920000000009,
    "throughput" : 71.04074332701543,
    "receivedKBytesPerSec" : 633.3737266596955,
    "sentKBytesPerSec" : 10.02315715804962
  },
  "HTTP Request-4" : {
    "transaction" : "HTTP Request-4",
    "sampleCount" : 4985,
    "errorCount" : 21,
    "errorPct" : 0.42126378,
    "meanResTime" : 5314.064192577737,
    "minResTime" : 3.0,
    "maxResTime" : 46578.0,
    "pct1ResTime" : 15331.60000000001,
    "pct2ResTime" : 18060.69999999999,
    "pct3ResTime" : 22805.160000000014,
    "throughput" : 71.04175573606955,
    "receivedKBytesPerSec" : 40489.21816269862,
    "sentKBytesPerSec" : 9.809992696308964
  },
  "HTTP Request-1" : {
    "transaction" : "HTTP Request-1",
    "sampleCount" : 4985,
    "errorCount" : 15,
    "errorPct" : 0.3009027,
    "meanResTime" : 300.697492477432,
    "minResTime" : 0.0,
    "maxResTime" : 25207.0,
    "pct1ResTime" : 1061.4000000000005,
    "pct2ResTime" : 1376.8999999999987,
    "pct3ResTime" : 3576.420000000001,
    "throughput" : 70.87711316167375,
    "receivedKBytesPerSec" : 234.56974877546813,
    "sentKBytesPerSec" : 8.556949618244637
  },
  "Total" : {
    "transaction" : "Total",
    "sampleCount" : 39910,
    "errorCount" : 172,
    "errorPct" : 0.4309697,
    "meanResTime" : 2378.2899273365065,
    "minResTime" : 0.0,
    "maxResTime" : 46846.0,
    "pct1ResTime" : 12268.0,
    "pct2ResTime" : 16742.95,
    "pct3ResTime" : 23046.99,
    "throughput" : 525.2214194533276,
    "receivedKBytesPerSec" : 147964.58482670147,
    "sentKBytesPerSec" : 141.73767490656297
  },
  "HTTP Request-0" : {
    "transaction" : "HTTP Request-0",
    "sampleCount" : 4985,
    "errorCount" : 0,
    "errorPct" : 0.0,
    "meanResTime" : 388.58094282848487,
    "minResTime" : 0.0,
    "maxResTime" : 11518.0,
    "pct1ResTime" : 1128.0,
    "pct2ResTime" : 2001.3999999999996,
    "pct3ResTime" : 4343.4800000000105,
    "throughput" : 70.25084554678693,
    "receivedKBytesPerSec" : 174.59804874665306,
    "sentKBytesPerSec" : 7.752290573034104
  },
  "HTTP Request" : {
    "transaction" : "HTTP Request",
    "sampleCount" : 10000,
    "errorCount" : 77,
    "errorPct" : 0.77,
    "meanResTime" : 3603.7367000000063,
    "minResTime" : 1.0,
    "maxResTime" : 46846.0,
    "pct1ResTime" : 14350.499999999998,
    "pct2ResTime" : 18019.04999999996,
    "pct3ResTime" : 23296.85,
    "throughput" : 131.60145814415625,
    "receivedKBytesPerSec" : 73990.36452421549,
    "sentKBytesPerSec" : 89.69658512722572
  }
}